<?xml version="1.0" encoding="utf-8" ?>
<application xmlns="http://ns.adobe.com/air/application/1.5">

<!-- 

imgmap.desktop Adobe AIR application by Adam Maschek, 2008
==========================================================

To test this application, please download and install the Adobe AIR SDK from:
http://labs.adobe.com/downloads/airsdk.html
, then run "adl example_air.xml" from the command line.

To install this application as a desktop executable, please download and install
the Adobe AIR runtimes from:
http://labs.adobe.com/downloads/air.html
, then compile the application using the SDK "adt" tool, or download latest version from:
http://www.maschek.hu/imagemap/desktop

-->

	<!-- The application identifier string, unique to this application. Required. -->
	<id>imgmap.desktop</id>

	<!-- Used as the filename for the application. Required. -->
	<filename>imgmap_desktop</filename>

	<!-- The name that is displayed in the AIR application installer. Optional. -->
	<name>Image Map Editor.desktop</name>

	<!-- An application version designator (such as "v1", "2.5", or "Alpha 1"). Required. -->
	<version>v1</version>

	<!-- Description, displayed in the AIR application installer. Optional. -->
	<description>Image Map Editor.desktop - With the help of the editor you can easily draw ALL the standard image map shapes (rectangle, circle, polygon), while you will have full control over the generated HTML code as well.
	</description>

	<!-- Copyright information. Optional -->
	<copyright>Created by Adam Maschek, see license info at http://www.maschek.hu/imagemap/license</copyright>

	<!-- Settings for the application's initial window. Required. -->
	<initialWindow>
		<!-- The main SWF or HTML file of the application. Required. -->
		<!-- Note: In Flex Builder, the SWF reference is set automatically. -->
		<content>example_air_files/example7.html</content>
		
		<!-- Whether the window is initially visible. Optional. Default false. -->
	    <visible>true</visible>

		<!-- The window's initial width. Optional. -->
		<width>800</width>

		<!-- The window's initial height. Optional. -->
		<height>745</height>

	</initialWindow>

	<!-- The subpath of the standard default installation location to use. Optional. -->
	<!-- <installFolder></installFolder> -->

	<!-- The subpath of the Windows Start/Programs menu to use. Optional. -->
	<!-- <programMenuFolder></programMenuFolder> -->

	<!-- The icon the system uses for the application. For at least one resolution,
		 specify the path to a PNG file included in the AIR package. Optional. -->
	<!-- <icon>
		<image16x16></image16x16>
		<image32x32></image32x32>
		<image48x48></image48x48>
		<image128x128></image128x128>
	</icon> -->

	<!-- Whether the application handles the update when a user double-clicks an update version
	of the AIR file (true), or the default AIR application installer handles the update (false).
	Optional. Default false. -->
	<!-- <customUpdateUI></customUpdateUI> -->
	
	<!-- Whether the application can be launched when the user clicks a link in a web browser.
	Optional. Default false. -->
	<!-- <allowBrowserInvocation></allowBrowserInvocation> -->

	<!-- Listing of file types for which the application can register. Optional. -->
	<!-- <fileTypes> -->

		<!-- Defines one file type. Optional. -->
		<!-- <fileType> -->

			<!-- The name that the system displays for the registered file type. Required. -->
			<!-- <name></name> -->

			<!-- The extension to register. Required. -->
			<!-- <extension></extension> -->
			
			<!-- The description of the file type. Optional. -->
			<!-- <description></description> -->
			
			<!-- The MIME type. Optional. -->
			<!-- <contentType></contentType> -->
			
			<!-- The icon to display for the file type. Optional. -->
			<!-- <icon>
				<image16x16></image16x16>
				<image32x32></image32x32>
				<image48x48></image48x48>
				<image128x128></image128x128>
			</icon> -->
			
		<!-- </fileType> -->
	<!-- </fileTypes> -->

</application>
